,,CIUDAD,Unnamed: 2,CENTRO,Unnamed: 4,Palacio,Unnamed: 6,Embajadores,Unnamed: 8,Cortes,Unnamed: 10,Justicia,Unnamed: 12,Universidad,Unnamed: 14,Sol,Unnamed: 16,Unnamed: 17,Unnamed: 18,Unnamed: 19,Unnamed: 20,Unnamed: 21,Unnamed: 22,Unnamed: 23,Unnamed: 24,Unnamed: 25
0,1.1 CARACTERÍSTICAS GENERALES DEL DISTRITO-BARRIO,,,,,,,,,,,,,,,,,,,,,,,,,
1,Superficie (Ha.),,60445.52,522.82,,146.99,,103.37,,59.19,,73.94,,94.8,,44.53,,,,,,,,,,
2,Densidad (hab./Ha.),,54.03,257.99,,155.95,,437.82,,177.13,,231.98,,334.64,,164.77,,,,,,,,,,
3,1.2. LA POBLACIÓN DEL DISTRITO,,,,,,,,,,,,,,,,,,,,,,,,,
4,1.2.1. Estructura de la población (01/01/2019),,,,,,,,,,,,,,,,,,,,,,,,,
5,Sexo de la población,1,3266126,0.04129693710530457,134881.0,0.16994980760818795,22923.0,0.3355476308746228,45259.0,0.07772777485338929,10484.0,0.1271713584567137,17153.0,0.23520733090650278,31725.0,0.05439609730058348,7337,,,,,,,,,
6,Hombres,0.46574382004858356,1521178,0.5028803167236304,67829.0,0.48915935959516643,11213.0,0.5168032877438742,23390.0,0.499332315909958,5235.0,0.505742435725529,8675.0,0.49068557919621747,15567.0,0.5109717868338558,3749,,,,,,,,,
7,Mujeres,0.5342561799514165,1744948,0.4971196832763695,67052.0,0.5108406404048336,11710.0,0.48319671225612587,21869.0,0.5006676840900419,5249.0,0.49425756427447093,8478.0,0.5093144208037825,16158.0,0.4890282131661442,3588,,,,,,,,,
8,Edad media de la población,,44.14,,44.09,,45.8,,42.88,,45.02,,44.3,,44.04,,44.7,,,,,,,,,
9,De 0 a 14 años,0.13339197569230335,435675,0.07824675083962901,10554.0,0.07769489159359595,1781.0,0.08360768024039418,3784.0,0.06877146127432278,721.0,0.07998600827843526,1372.0,0.07590228526398739,2408.0,0.06651219844623144,488,,,,,,,,,
10,De 15 a 29,0.15678207148162684,512070,0.1616239500003707,21800.0,0.1464468001570475,3357.0,0.16520471066528206,7477.0,0.15537962609690958,1629.0,0.16265376319011252,2790.0,0.16532702915681638,5245.0,0.17745672618236336,1302,,,,,,,,,
11,De 30 a 44,0.2278883300889188,744312,0.31773934060393977,42857.0,0.28517209789294595,6537.0,0.34044057535517797,15408.0,0.3102823349866463,3253.0,0.2986066577275112,5122.0,0.32554767533490936,10328.0,0.3010767343600927,2209,,,,,,,,,
12,De 45 a 64,0.279359706269752,912424,0.2819151696680778,38025.0,0.3021855778039524,6927.0,0.2700236417066219,12221.0,0.29597481877146126,3103.0,0.29796537048912725,5111.0,0.2703230890464933,8576.0,0.2844486847485348,2087,,,,,,,,,
13,De 65 a 79,0.12971636734161512,423670,0.1052483300094157,14196.0,0.12655411595340924,2901.0,0.09030248127444265,4087.0,0.11417397939717665,1197.0,0.10493791173555646,1800.0,0.10575256107171001,3355.0,0.11666893825814366,856,,,,,,,,,
14,De 80 y +,0.07286154912578388,237975,0.05522645887856703,7449.0,0.06194651659904899,1420.0,0.050420910758081264,2282.0,0.055417779473483406,581.0,0.05585028857925727,958.0,0.057147360126083534,1813.0,0.05383671800463405,395,,,,,,,,,
15,De 65 y +,0.202577916467399,661645,0.16047478888798275,21645.0,0.18850063255245822,4321.0,0.14072339203252393,6369.0,0.16959175887066005,1778.0,0.16078820031481372,2758.0,0.16289992119779353,5168.0,0.1705056562627777,1251,,,,,,,,,
16,Población en etapa educativa (De 3 a 16 años -16 no incluidos-),0.11623740174139026,379646,0.06419732949785366,8659.0,0.06565458273349911,1505.0,0.06842837888596744,3097.0,0.0531285768790538,557.0,0.06616918323325366,1135.0,0.06171788810086683,1958.0,0.05547226386806597,407,,,,,,,,,
17,Proporción de juventud (Población de 0-15 años/Población total),0.142,,0.083,,0.0832536087053076,,0.088,,0.07264267401006552,,0.085,,0.0803467297084318,,0.07026801833078739,,,,,,,,,,
18,Proporción de envejecimiento (Población > 65 años/Población total),0.2026,,0.165,,0.1885,,0.147,,0.16873991073972083,,0.1608,,0.1629,,0.1705,,,,,,,,,,
19,Proporción de sobreenvejecimiento (Población > 80 años/Población >65 años),0.3597,,0.3441,,0.3386,,0.3583,,0.3286,,0.3474,,0.3508,,0.3157,,,,,,,,,,
20,Índice de envejecimiento activo (2017),,37,,,,,,,,,,,,,,,,,,,,,,,
21,Hombres,,38.6,,,,,,,,,,,,,,,,,,,,,,,
22,Mujeres,,35.8,,,,,,,,,,,,,,,,,,,,,,,
23,Proporción de dependencia (Población de 0-15 + población 65 y + / Pob. 16-64),0.5261,,0.3215,,0.373,,0.2968,,0.3197,,0.3254,,0.3214,,0.3163,,,,,,,,,,
24,Personas con nacionalidad española,0.8589619628881433,2805478,0.7713540083480994,104041.0,0.8242376652270645,18894.0,0.7377096268145562,33388.0,0.769172071728348,8064.0,0.7862181542587302,13486.0,0.7842395587076438,24880.0,0.726318658852392,5329,,,,,,,,,
25,Personas con nacionalidad española HOMBRES,0.46631625698009393,1308240,0.49272882805816937,51264.0,0.48687413993860484,9199.0,0.4894273391637714,16341.0,0.5016121031746031,4045.0,0.5009639626279104,6756.0,0.4885048231511254,12154.0,0.5196096828673297,2769,,,,,,,,,
26,Personas con nacionalidad española MUJERES,0.5336837430199061,1497238,0.5072711719418306,52777.0,0.5131258600613952,9695.0,0.5105726608362285,17047.0,0.4983878968253968,4019.0,0.49903603737208957,6730.0,0.5114951768488746,12726.0,0.4803903171326703,2560,,,,,,,,,
27,Personas con nacionalidad extranjera,0.141,460623,0.22862374982391886,30837.0,0.17571871046547136,4028.0,0.26224618307960845,11869.0,0.23082792827165205,2420.0,0.21378184574126974,3667.0,0.2157604412923562,6845.0,0.273681341147608,2008,,,,,,,,,
28,Personas con nacionalidad extranjera HOMBRES,0.4622543815658358,212925,0.5371469338781334,16564.0,0.4997517378351539,2013.0,0.5939000758277867,7049.0,0.49173553719008267,1190.0,0.5233160621761658,1919.0,0.4986121256391527,3413.0,0.48804780876494025,980,,,,,,,,,
29,Personas con nacionalidad extranjera MUJERES,0.5377456184341641,247698,0.4628530661218666,14273.0,0.5002482621648461,2015.0,0.40609992417221336,4820.0,0.5082644628099173,1230.0,0.47668393782383417,1748.0,0.5013878743608473,3432.0,0.5119521912350598,1028,,,,,,,,,
30,Proporción de inmigrantes (Extranjeros menos UE y resto países de OCDE / Población total),0.0979,,0.1254,,0.0795,,0.1693,,0.099,,0.0993,,0.116,,0.137,,,,,,,,,,
31,1ª nacionalidad extranjera en el Distrito: ITALIA (% respecto total extranjeros del distrito),0.048258554175540515,22229,0.10357687193955313,3194.0,0.12164846077457796,490.0,0.09116185019799478,1082.0,0.10867768595041322,263.0,0.10989910008181074,403.0,0.10825420014609204,741.0,0.10707171314741036,215,,,,,,,,,
32,2ª nacionalidad extranjera en el Distrito: BANGLADESH (% respecto total extranjeros del distrito),0.013651076911053073,6288,0.09517787073969582,2935.0,0.003227408142999007,13.0,0.23793074395484035,2824.0,0.02024793388429752,49.0,0.0035451322607035723,13.0,0.0029218407596785976,20.0,0.00796812749003984,16,,,,,,,,,
33,1.2.2. Estructura de los hogares (01-01-2019),,,,,,,,,,,,,,,,,,,,,,,,,
34,Nº total de hogares,1,1290164,0.05216081056361827,67296.0,0.16798918212077985,11305.0,0.3282364479315264,22089.0,0.08033166904422254,5406.0,0.1275261531145982,8582.0,0.23482822158820732,15803.0,0.24056407513076558,16189,,,,,,,,,
35,Tamaño medio del hogar,,2.53,,2.0,,2.03,,2.05,,1.9411981566820276,,2.0,,1.9551351009302032,,1.97,,,,,,,,,
36,Hogares con una mujer sola >65 años,0.09769610685153206,126044,0.07603720874940562,5117.0,0.09084475895621406,1027.0,0.07189098646385078,1588.0,0.07047724750277469,381.0,0.07305989279888138,627.0,0.07789660191102955,1231.0,0.016245598863425782,263,,,,,,,,,
37,Hogares con un hombre solo >65 años,0.028461497918094134,36720,0.03226046124583928,2171.0,0.03803626713843432,430.0,0.02924532572773779,646.0,0.03718091009988901,201.0,0.02924726171055698,251.0,0.03125988736315889,494.0,0.009203780344678485,149,,,,,,,,,
38,Hogares monoparentales: una mujer adulta con uno o más menores,0.2111,27460,0.013700665715644317,922.0,0.013710747456877488,155.0,0.015211191090588076,336.0,0.012763596004439512,69.0,0.013633185737590306,117.0,0.01278238309181801,202.0,0.0026561245290011738,43,,,,,,,,,
39,Hogares monoparentales: un hombre adulto con uno o más menores,0.0043,5491,0.0028827864954826437,194.0,0.0027421494913754977,31.0,0.0026710127212639777,59.0,0.004069552349241583,22.0,0.003495688650664181,30.0,0.0025311649686768334,40.0,0.0007412440546049787,12,,,,,,,,,
40,1.2.3. Dinámica demográfica,,,,,,,,,,,,,,,,,,,,,,,,,
41,Tasa bruta de natalidad 2018 (‰),,8.57,,7.09,,6.73,,7.19,,7.61,,7.95,,6.8,,6.05,,,,,,,,,
42,Tasa de crecimiento demográfico 2018 (%),,1.37,,1.89,,1.8,,1.4,,-0.45,,3.41,,2.64,,1.87,,,,,,,,,
43,Esperanza de vida al nacer MUJERES *(mortalidad del periodo 2013-2016),,87.5,,86.1,,85.16,,85.83,,84.76,,88.37,,86.42,,86.34,,,,,,,,,
44,Esperanza de vida al nacer HOMBRES *(mortalidad del periodo 2013-2016),,81.91,,80.7,,80.29,,80.99,,79.89,,82.11,,81.04,,78.54,,,,,,,,,
45,Esperanza de vida al nacer MUJERES (2018),,87.63435781538067,,87.64009346593531,,,,,,,,,,,,,,,,,,,,,
46,Esperanza de vida al nacer HOMBRES (2018),,82.24606845828791,,80.9078048837808,,,,,,,,,,,,,,,,,,,,,
47,Esperanza de vida > 65 años MUJERES (2018),,24.63617185948345,,24.39783007712019,,,,,,,,,,,,,,,,,,,,,
48,Esperanza de vida > 65 años HOMBRES (2018),,20.55018925531062,,19.962007583949276,,,,,,,,,,,,,,,,,,,,,
49,1.2.4. Mujeres y hombres,,,,,,,,,,,,,,,,,,,,,,,,,
50,Índice de desigualdad de género IDG (2018),,0.8308230455929393,,,,,,,,,,,,,,,,,,,,,,,
51,Índice de desigualdad de género IDG (2008),,0.7462447166078552,,,,,,,,,,,,,,,,,,,,,,,
52,1.3. INDICADORES ECONÓMICOS,,,,,,,,,,,,,,,,,,,,,,,,,
53,Renta neta media anual de los hogares (Urban Audit). 2016,,39613,0.8193774770908541,32458.0,1.0940049586565954,35509.21294807577,0.8245116766282581,26762.0,1.1530901472672377,37427.0,1.2811633495594306,41584.0,0.9817610450428246,31866.0,0.9761537987553146,31684,,,,,,,,,
54,Renta disponible Bruta Per Cápita 2016(a),,21755.1427743444,,24920.254148564814,,,,,,,,,,,,,,,,,,,,,
55,Crecimiento/decrecimiento Renta Bruta Per Cápita 2016(a)-2008,0.031212732479547905,658.4843554416148,0.11194415378270127,2508.8281216469295,,,,,,,,,,,,,,,,,,,,,
56,Pensión media mensual del Distrito HOMBRES (2018),,1456.15,,1367.6,,,,,,,,,,,,,,,,,,,,,
57,Pensión media mensual del Distrito MUJERES (2018),,953.99,,933.6,,,,,,,,,,,,,,,,,,,,,
58,1.4. INDICADORES DE DESEMPLEO,,,,,,,,,,,,,,,,,,,,,,,,,
59,Tasa de actividad global ciudad de Madrid (EPA. 1º trimestre 2020),0.6123,,,,,,,,,,,,,,,,,,,,,,,,
60,Hombres,0.663715344029813,,,,,,,,,,,,,,,,,,,,,,,,
61,Mujeres,0.5699,,,,,,,,,,,,,,,,,,,,,,,,
62,Número de parados ciudad de Madrid (EPA. 1º trimestre 2020) (miles),,176.60000000000002,,,,,,,,,,,,,,,,,,,,,,,
63,Hombres (miles),,83.9,,,,,,,,,,,,,,,,,,,,,,,
64,Mujeres (miles),,92.7,,,,,,,,,,,,,,,,,,,,,,,
65,Paro registrado (nº de personas registradas en SEPE en febrero 2020),,167188,0.045427901524032824,7595.0,0.16260697827518103,1235.0,0.35602369980250165,2704.0,0.07017774851876234,533.0,0.10862409479921001,825.0,0.21053324555628702,1599.0,0.04845292955892034,368,,,,,,,,,
66,Tasa absoluta de paro registrado (febrero 2020),0.0757,,0.0705,,0.0741,,0.0769,,0.0682,,0.0625,,0.0651,,0.0655,,,,,,,,,,
67,Tasa absoluta de paro registrado MUJERES,0.081,,0.0715,,0.069,,0.0821,,0.0698,,0.06,,0.0668,,0.0656,,,,,,,,,,
68,De 16 a 24 años,0.0424,,0.0287,,0.0167,,0.0456,,0.0199,,0.018,,0.0261,,0.0229,,,,,,,,,,
69,De 25 a 44 años,0.0751,,0.0601,,0.0594,,0.0698,,0.0604,,0.0454,,0.0555,,0.0543,,,,,,,,,,
70,De 45 a 64 años,0.0982,,0.0991,,0.0923,,0.1116,,0.0947,,0.0897,,0.0957,,0.0937,,,,,,,,,,
71,Tasa absoluta de paro registrado HOMBRES,0.0699,,0.0696,,0.0789,,0.0726,,0.0667,,0.0647,,0.0634,,0.0654,,,,,,,,,,
72,De 16 a 24 años,0.044,,0.0303,,0.0349,,0.0342,,0.0163,,0.0307,,0.0293,,0.0129,,,,,,,,,,
73,De 25 a 44 años,0.0603,,0.0534,,0.0632,,0.0546,,0.0557,,0.0486,,0.0479,,0.0523,,,,,,,,,,
74,De 45 a 64 años,0.0887,,0.1023,,0.1061,,0.1114,,0.0917,,0.0932,,0.0966,,0.0966,,,,,,,,,,
75,Parados de larga duración (febrero 2020),0.382461659927746,63943,0.3321922317314022,2523.0,,,,,,,,,,,,,,,,,,,,,
76,Hombres,0.39693164224387345,25381,0.5184304399524375,1308.0,,,,,,,,,,,,,,,,,,,,,
77,Mujeres,0.6030683577561265,38562,0.4815695600475624,1215.0,,,,,,,,,,,,,,,,,,,,,
78,Parados que SÍ perciben prestaciones (febrero 2020),0.43425963585903293,72603,0.4450296247531271,3380.0,,,,,,,,,,,,,,,,,,,,,
79,Hombres,0.48178449926311584,34979,0.5295857988165681,1790.0,,,,,,,,,,,,,,,,,,,,,
80,Mujeres,0.5182155007368842,37624,0.47041420118343197,1590.0,,,,,,,,,,,,,,,,,,,,,
81,Parados que NO perciben prestaciones (febrero 2020),0.5657403641409671,94585,0.554970375246873,4215.0,,,,,,,,,,,,,,,,,,,,,
82,Hombres,0.4129936036369403,39063,0.5181494661921708,2184.0,,,,,,,,,,,,,,,,,,,,,
83,Mujeres,0.5870063963630597,55522,0.48185053380782916,2031.0,,,,,,,,,,,,,,,,,,,,,
84,1.5. EDUCACIÓN,,,,,,,,,,,,,,,,,,,,,,,,,
85,1.5.1. Población en etapas educativas (01/01/2018),1,464338,1.0,11171.0,1.0,1906.0,1.0,3989.0,1.0,762.0,1.0,1453.0,1.0,2549.0,1.0,512,,,,,,,,,
86,0 a 2 años,0.18239299820389457,84692,0.22486796168650972,2512.0,0.21038824763903463,401.0,0.223614941087992,892.0,0.2690288713910761,205.0,0.2188575361321404,318.0,0.2318556296586897,591.0,0.205078125,105,,,,,,,,,
87,Infantil (3 a 5 años),0.18668297662478625,86684,0.18798675140990065,2100.0,0.1852046169989507,353.0,0.19077463023314115,761.0,0.1837270341207349,140.0,0.19545767377838955,284.0,0.17889368379756768,456.0,0.20703125,106,,,,,,,,,
88,Primaria (6 a 11 años),0.3842997988534214,178445,0.36594754274460656,4088.0,0.35624344176285416,679.0,0.37879167711205813,1511.0,0.3136482939632546,239.0,0.36269786648313834,527.0,0.37151824244801884,947.0,0.361328125,185,,,,,,,,,
89,Secundaria (12 a 15 años),0.24662422631789774,114517,0.22119774415898308,2471.0,0.24816369359916055,473.0,0.20681875156680873,825.0,0.2335958005249344,178.0,0.22298692360633174,324.0,0.21773244409572381,555.0,0.2265625,116,,,,,,,,,
90,Etapas educativas. Total niños,0.511603616331207,237557,0.5068480888013607,5662.0,0.49213011542497376,938.0,0.5126598144898471,2045.0,0.510498687664042,389.0,0.49965588437715075,726.0,0.511180855237348,1303.0,0.509765625,261,,,,,,,,,
91,0 a 2 años,0.18210787305783455,43261,0.22712822324267043,1286.0,0.22174840085287847,208.0,0.219559902200489,449.0,0.2622107969151671,102.0,0.2231404958677686,162.0,0.23791250959324636,310.0,0.210727969348659,55,,,,,,,,,
92,Infantil (3 a 5 años),0.18670887408074693,44354,0.1863299187566231,1055.0,0.19829424307036247,186.0,0.1882640586797066,385.0,0.16195372750642673,63.0,0.1887052341597796,137.0,0.18188795088257867,237.0,0.18007662835249041,47,,,,,,,,,
93,Primaria (6 a 11 años),0.38548643062507104,91575,0.36859766866831506,2087.0,0.35074626865671643,329.0,0.3863080684596577,790.0,0.33676092544987146,131.0,0.37052341597796146,269.0,0.36531082118188796,476.0,0.3524904214559387,92,,,,,,,,,
94,Secundaria (12 a 15 años),0.24569682223634748,58367,0.21794418933239137,1234.0,0.22921108742004265,215.0,0.2058679706601467,421.0,0.2390745501285347,93.0,0.21763085399449036,158.0,0.21488871834228704,280.0,0.2567049808429119,67,,,,,,,,,
95,Etapas educativas. Total niñas,0.488396383668793,226781,0.4931519111986393,5509.0,0.5078698845750262,968.0,0.4873401855101529,1944.0,0.489501312335958,373.0,0.5003441156228493,727.0,0.48881914476265204,1246.0,0.490234375,251,,,,,,,,,
96,0 a 2 años,0.18269167170089204,41431,0.22254492648393537,1226.0,0.1993801652892562,193.0,0.227880658436214,443.0,0.2761394101876676,103.0,0.21458046767537828,156.0,0.22552166934189405,281.0,0.199203187250996,50,,,,,,,,,
97,Infantil (3 a 5 años),0.18665584859401801,42330,0.18968959883826467,1045.0,0.1725206611570248,167.0,0.1934156378600823,376.0,0.2064343163538874,77.0,0.20220082530949107,147.0,0.17576243980738362,219.0,0.2350597609561753,59,,,,,,,,,
98,Primaria (6 a 11 años),0.38305678165278395,86870,0.36322381557451444,2001.0,0.3615702479338843,350.0,0.37088477366255146,721.0,0.289544235924933,108.0,0.35488308115543327,258.0,0.3780096308186196,471.0,0.3705179282868526,93,,,,,,,,,
99,Secundaria (12 a 15 años),0.24759569805230597,56150,0.22454165910328552,1237.0,0.2665289256198347,258.0,0.20781893004115226,404.0,0.22788203753351208,85.0,0.22833562585969738,166.0,0.22070626003210272,275.0,0.1952191235059761,49,,,,,,,,,
100,1.5.2. Escolarización de alumnos por tipo de centro (año escolar 2017/18),1,519294,1.0,15894.0,,,,,,,,,,,,,,,,,,,,,
101,En centros PRIVADOS CONCERTADOS,0.430782947617342,223703,0.35969548257203976,5717.0,,,,,,,,,,,,,,,,,,,,,
102,En centros PRIVADOS SIN CONCIERTO,0.17880622537522098,92853,0.10664401661004153,1695.0,,,,,,,,,,,,,,,,,,,,,
103,En centros PÚBLICOS,0.390410827007437,202738,0.5336605008179187,8482.0,,,,,,,,,,,,,,,,,,,,,
104,Total alumnos extranjeros,0.10555099808586273,54812,0.16112998615829874,2561.0,,,,,,,,,,,,,,,,,,,,,
105,En centros PRIVADOS CONCERTADOS,0.34851857257534846,19103,0.5232331120655994,1340.0,,,,,,,,,,,,,,,,,,,,,
106,En centros PRIVADOS SIN CONCIERTO,0.09058235422900095,4965,0.05778992581023038,148.0,,,,,,,,,,,,,,,,,,,,,
107,En centros PÚBLICOS,0.5608990731956506,30744,0.41897696212417024,1073.0,,,,,,,,,,,,,,,,,,,,,
108,Total alumnos con necesidades de apoyo educativo,0.04024309928479821,20898,0.04171385428463571,663.0,,,,,,,,,,,,,,,,,,,,,
109,En centros PRIVADOS CONCERTADOS,0.49215235907742366,10285,0.6365007541478129,422.0,,,,,,,,,,,,,,,,,,,,,
110,En centros PRIVADOS SIN CONCIERTO,0.04608096468561585,963,0.021116138763197588,14.0,,,,,,,,,,,,,,,,,,,,,
111,En centros PÚBLICOS,0.4617666762369605,9650,0.34238310708898945,227.0,,,,,,,,,,,,,,,,,,,,,
112,1.5.3. Nivel de estudios de la población ≥ 25 años (01/01/2019),,,,,,,,,,,,,,,,,,,,,,,,,
113,No sabe leer ni escribir o sin estudios,0.0487225986125198,123025,0.03001788225490026,3458.0,0.028137310073157007,550.0,0.04504293520686963,1731.0,0.0210352422907489,191.0,0.016683831101956745,243.0,0.02241955014126885,611.0,0.02087616637671991,132,,,,,,,,,
114,Primaria incompleta,0.11554255846216786,291746,0.07797010364763277,8982.0,0.07387322862843403,1444.0,0.10023419203747072,3852.0,0.06167400881057269,560.0,0.056162032269138344,818.0,0.06931347007668881,1889.0,0.0662660129685276,419,,,,,,,,,
115,"Bachiller Elemental, Graduado Escolar, ESO, Formación profesional 1º grado",0.26398044521821507,666553,0.18797201340301048,21654.0,0.17966951450350438,3512.0,0.21860525631017436,8401.0,0.1538546255506608,1397.0,0.1558530724339169,2270.0,0.17843907092797123,4863.0,0.19152301122884707,1211,,,,,,,,,
116,"Formación profesional 2º grado, Bachiller Superior o BUP",0.19099417071384697,482262,0.18428271324154932,21229.0,0.185041182790198,3617.0,0.1835545147020557,7054.0,0.19041850220264317,1729.0,0.17782354960521798,2590.0,0.18210839173668955,4963.0,0.20180294164162582,1276,,,,,,,,,
117,"Titulados medios, diplomados, arquitecto o ingeniero técnico",0.09516876969547436,240302,0.09735412073126269,11215.0,0.10288023737657953,2011.0,0.08940931563882383,3436.0,0.09823788546255506,892.0,0.09495365602471678,1383.0,0.10494257512934356,2860.0,0.10011070694290684,633,,,,,,,,,
118,"Estudios superiores, licenciado, arquitecto o ingeniero superior, estudios superiores no universitarios, doctorado, estudios postgraduados",0.28430314505809684,717868,0.42159586103925417,48567.0,0.4296311454443137,8398.0,0.36226906062971637,13922.0,0.47455947136563875,4309.0,0.4976999656711294,7249.0,0.4418596117858584,12042.0,0.4186303969634667,2647,,,,,,,,,
119,Nivel de estudios desconocido y no consta,0.0012883122396791457,3253,0.0008073056823903193,93.0,0.0007673811838133729,15.0,0.0008847254748894093,34.0,0.00022026431718061675,2.0,0.0008238928939237899,12.0,0.0009173302021795765,25.0,0.0007907638779060573,5,,,,,,,,,
120,1.5.4. Programa de prevención y control del absentismo escolar,,2525009,1.0,115198.0,1.0,19547.0,1.0,38430.0,0.9999999999999999,9080.0,0.9999999999999999,14565.0,1.0,27253.0,1.0,6323,,,,,,,,,
121,Casos trabajados por el programa de absentismo municipal (curso escolar 2018-2019),1,4025,0.022857142857142857,92.0,,,,,,,,,,,,,,,,,,,,,
122,Casos trabajados HOMBRES,0.5118012422360249,2060,0.4891304347826087,45.0,,,,,,,,,,,,,,,,,,,,,
123,Casos trabajados MUJERES,0.48819875776397514,1965,0.5108695652173914,47.0,,,,,,,,,,,,,,,,,,,,,
124,1.6. SALUD,,,,,,,,,,,,,,,,,,,,,,,,,
125,1.6.1. Hábitos y estilos de vida (2017-18. Estudio Madrid Salud),,,,,,,,,,,,,,,,,,,,,,,,,
126,Sedentarismo,0.2996728,,0.2690802,,,,,,,,,,,,,,,,,,,,,,
127,Sedentarismo HOMBRES,0.2520676,,,,,,,,,,,,,,,,,,,,,,,,
128,Sedentarismo MUJERES,0.3399731,,,,,,,,,,,,,,,,,,,,,,,,
129,Consumo de tabaco diario,0.1891433,,0.2264046,,,,,,,,,,,,,,,,,,,,,,
130,Consumo de tabaco diario HOMBRES,0.201703,,,,,,,,,,,,,,,,,,,,,,,,
131,Consumo de tabaco diario MUJERES,0.1785109,,,,,,,,,,,,,,,,,,,,,,,,
132,Consumo de medicamentos,0.6634439,,0.6259624,,,,,,,,,,,,,,,,,,,,,,
133,Consumo de medicamentos HOMBRES,0.6237388,,,,,,,,,,,,,,,,,,,,,,,,
134,Consumo de medicamentos MUJERES,0.6970564,,,,,,,,,,,,,,,,,,,,,,,,
135,1.6.2. Indicadores de nivel de salud (2017-18. Estudio Madrid Salud),,,,,,,,,,,,,,,,,,,,,,,,,
136,Autopercepción de buen estado de salud  (% respuesta muy buena + buena),0.7231882,,0.7586274000000001,,,,,,,,,,,,,,,,,,,,,,
137,Autopercepción de buen estado de salud HOMBRES,0.7740236,,,,,,,,,,,,,,,,,,,,,,,,
138,Autopercepción de buen estado de salud MUJERES,0.6801532,,,,,,,,,,,,,,,,,,,,,,,,
139,Calidad de vida relacionada con la salud (CVRS),0.2018633,,0.1989237,,,,,,,,,,,,,,,,,,,,,,
140,Calidad de vida relacionada con la salud (CVRS) HOMBRES,0.1904894,,,,,,,,,,,,,,,,,,,,,,,,
141,Calidad de vida relacionada con la salud (CVRS) MUJERES,0.2114919,,,,,,,,,,,,,,,,,,,,,,,,
142,Presencia de enfermedad crónica,0.3977603,,0.3404612,,,,,,,,,,,,,,,,,,,,,,
143,Presencia de enfermedad crónica HOMBRES,0.3664341,,,,,,,,,,,,,,,,,,,,,,,,
144,Presencia de enfermedad crónica MUJERES,0.4242797,,,,,,,,,,,,,,,,,,,,,,,,
145,Hipertensión arterial,0.188167,,0.1321979,,,,,,,,,,,,,,,,,,,,,,
146,Hipertensión arterial HOMBRES,0.1971227,,,,,,,,,,,,,,,,,,,,,,,,
147,Hipertensión arterial MUJERES,0.1805855,,,,,,,,,,,,,,,,,,,,,,,,
148,Diabetes Mellitus,0.06028994,,0.03633519,,,,,,,,,,,,,,,,,,,,,,
149,Diabetes Mellitus HOMBRES,0.06886225,,,,,,,,,,,,,,,,,,,,,,,,
150,Diabetes Mellitus MUJERES,0.05303301,,,,,,,,,,,,,,,,,,,,,,,,
151,Personas con obesidad,0.1217434,,0.0928899,,,,,,,,,,,,,,,,,,,,,,
152,Personas con obesidad HOMBRES,0.1331836,,,,,,,,,,,,,,,,,,,,,,,,
153,Personas con obesidad MUJERES,0.1120586,,,,,,,,,,,,,,,,,,,,,,,,
154,Personas con sobrepeso,0.3350007,,0.2615313,,,,,,,,,,,,,,,,,,,,,,
155,Personas con sobrepeso HOMBRES,0.411325,,,,,,,,,,,,,,,,,,,,,,,,
156,Personas con sobrepeso MUJERES,0.2703881,,,,,,,,,,,,,,,,,,,,,,,,
157,Personas mayores de 65 años con alguna dependencia funcional,0.3239484,,0.2697258,,,,,,,,,,,,,,,,,,,,,,
158,Alguna dependencia funcional HOMBRES,0.3906126,,,,,,,,,,,,,,,,,,,,,,,,
159,Alguna dependencia funcional MUJERES,0.4864283,,,,,,,,,,,,,,,,,,,,,,,,
160,Probabilidad de padecer enfermedad mental (GHQ-12),0.21081755,,0.21775856000000002,,,,,,,,,,,,,,,,,,,,,,
161,Probabilidad de padecer enfermedad mental (GHQ-12) HOMBRES,0.16614636,,,,,,,,,,,,,,,,,,,,,,,,
162,Probabilidad de padecer enfermedad (GHQ-12) MUJERES,0.2486342,,,,,,,,,,,,,,,,,,,,,,,,
163,Prevalencia de obesidad en la población infantil (2017. Estudio Madrid Salud. UCM),0.158,,0.171,,,,,,,,,,,,,,,,,,,,,,
164,1.6.3. Discapacidad reconocida (31/12/2018),,,,,,,,,,,,,,,,,,,,,,,,,
165,Nº de personas con grado de discapacidad reconocido,0.06141955331790629,200604,0.06345337082012323,12729.0,,,,,,,,,,,,,,,,,,,,,
166,Hombres,0.4801599170505075,96322,0.5010605703511666,6378.0,,,,,,,,,,,,,,,,,,,,,
167,Mujeres,0.5198400829494926,104282,0.49893942964883337,6351.0,,,,,,,,,,,,,,,,,,,,,
168,Mujeres por cada 100 hombres (Feminización de la discapacidad reconocida),,108.26,,99.58,,,,,,,,,,,,,,,,,,,,,
169,"1.7. CALIDAD DE VIDA  (2019.  Encuesta, más de 16 años)",,,,,,,,,,,,,,,,,,,,,,,,,
170,1.7.1. Calidad de vida y agenda pública (indicador sintético 0-100),,,,,,,,,,,,,,,,,,,,,,,,,
171,Satisfacción de vivir en su barrio,,72,,77.3,,,,,,,,,,,,,,,,,,,,,
172,Calidad de vida actual en su barrio,,71.3,,73.6,,,,,,,,,,,,,,,,,,,,,
173,Convivencia vecinal,,69.5,,71.9,,,,,,,,,,,,,,,,,,,,,
174,1.7.2. Satisfacción con los servicios públicos (escala 0-10),,,,,,,,,,,,,,,,,,,,,,,,,
175,Espacios verdes,,6.9,,6.5,,,,,,,,,,,,,,,,,,,,,
176,Parques infantiles,,6.4,,5.4,,,,,,,,,,,,,,,,,,,,,
177,Centros culturales,,7,,6.9,,,,,,,,,,,,,,,,,,,,,
178,Organización de fiestas y eventos populares,,6.7,,6.9,,,,,,,,,,,,,,,,,,,,,
179,Instalaciones deportivas,,6.7,,5.5,,,,,,,,,,,,,,,,,,,,,
180,Servicios sociales municipales,,6.5,,5.9,,,,,,,,,,,,,,,,,,,,,
181,Desigualdad en las dotaciones de los barrios (% respuesta muy alta + alta),0.784,,0.795,,,,,,,,,,,,,,,,,,,,,,
182,1.7.3. Principales problemas de la ciudadanía (% personas encuestadas),,,,,,,,,,,,,,,,,,,,,,,,,
183,1º. Limpieza,0.291,,0.295,,,,,,,,,,,,,,,,,,,,,,
184,2º. Contaminación del aire,0.187,,0.12,,,,,,,,,,,,,,,,,,,,,,
185,3º. Tráfico / atascos,0.118,,0.078,,,,,,,,,,,,,,,,,,,,,,
186,1.7.4. Percepción de seguridad (indicador sintético 0-100),,,,,,,,,,,,,,,,,,,,,,,,,
187,Percepción de seguridad en Madrid,,67.6,,76.5,,,,,,,,,,,,,,,,,,,,,
188,Percepción de seguridad en el barrio por el día,,76,,82.7,,,,,,,,,,,,,,,,,,,,,
189,Percepción de seguridad en el barrio por la noche,,60.2,,69.8,,,,,,,,,,,,,,,,,,,,,
190,1.7.5. Problemas que afectan a la seguridad en los espacios públicos del distrito (escala 0-10),,,,,,,,,,,,,,,,,,,,,,,,,
191,1º. Personas orinando en la calle,,4,,7.2,,,,,,,,,,,,,,,,,,,,,
192,2º. Excrementos de animales domésticos,,6.6,,6.3,,,,,,,,,,,,,,,,,,,,,
193,3º. Consumo o menudeo de drogas,,4.3,,6.1,,,,,,,,,,,,,,,,,,,,,
194,1.7.6. Administración de la ciudad de Madrid (% de respuesta),,,,,,,,,,,,,,,,,,,,,,,,,
195,Medio de información de la actividad del Ayuntamiento: REDES SOCIALES,0.209,,0.263,,,,,,,,,,,,,,,,,,,,,,
196,Preferencia de contacto con el Ayuntamiento: EN PERSONA,0.46,,0.38,,,,,,,,,,,,,,,,,,,,,,
197,Percepción sobre la administración del Ayto. en los últimos 5 años: HA MEJORADO,0.386,,0.49,,,,,,,,,,,,,,,,,,,,,,
198,Percepción sobre la administración del Ayto. en los últimos 5 años: HA EMPEORADO,0.166,,0.085,,,,,,,,,,,,,,,,,,,,,,
199,1.7.7. Amigabilidad de la ciudad de Madrid (% respuesta mucho + bastante),,,,,,,,,,,,,,,,,,,,,,,,,
200,"Madrid ciudad amigable con las personas lesbianas, gays, transexuales y bisexuales",0.769,,0.808,,,,,,,,,,,,,,,,,,,,,,
201,1.8. INDICADORES DE VULNERABILIDAD,,,,,,,,,,,,,,,,,,,,,,,,,
202,1.8.1. Índice de vulnerabilidad territorial (2019),,,,,,,,,,,,,,,,,,,,,,,,,
203,Índice de vulnerabilidad territorial,,,,0.0075902988585447,,0.007518010274388522,,0.008289492651445554,,0.007228950685003675,,0.007238686239333224,,0.007497199492577996,,0.007769453808519241,,,,,,,,,
204,Posición en el ranking de distritos y/o barrios de vulnerabilidad territorial,,,,11.0,,58.0,,44.0,,71.0,,70.0,,59.0,,54,,,,,,,,,
205,1.8.2. Tasa de riesgo de pobreza o exclusión social. Indicador AROPE (2018. Encuesta de Condiciones de Vida),,,,,,,,,,,,,,,,,,,,,,,,,
206,Tasa de riesgo de pobreza o exclusión social,0.254527876031269,,,,,,,,,,,,,,,,,,,,,,,,
207,Tasa de riesgo de pobreza o exclusión social HOMBRES,0.24,,,,,,,,,,,,,,,,,,,,,,,,
208,Tasa de riesgo de pobreza o exclusión social MUJERES,0.267,,,,,,,,,,,,,,,,,,,,,,,,
209,Tasa de riesgo de pobreza o exclusión social N. ESPAÑOLA (>16 años),0.219400282180748,,,,,,,,,,,,,,,,,,,,,,,,
210,Tasa de riesgo de pobreza o exclusión social N. EXTRANJERA UNIÓN EUROPEA (>16 años),0.144255508751146,,,,,,,,,,,,,,,,,,,,,,,,
211,Tasa de riesgo de pobreza o exclusión social N. EXTRANJERA RESTO DEL MUNDO (>16 años),0.661117158452686,,,,,,,,,,,,,,,,,,,,,,,,
212,1.8.3. Tasa de riesgo de pobreza de los hogares (2016. Estudio de Necesidades Sociales. Hogares),,,,,,,,,,,,,,,,,,,,,,,,,
213,Pareja o matrimonio con hijos,,0.357,,,,,,,,,,,,,,,,,,,,,,,
214,Hogar formado por madre con hijos a cargo,,0.411,,,,,,,,,,,,,,,,,,,,,,,
215,Nacido en España,,0.264,,,,,,,,,,,,,,,,,,,,,,,
216,Nacido en un país fuera de la Unión Europea,,0.392,,,,,,,,,,,,,,,,,,,,,,,
217,1.8.4. Situación económica de los hogares (2016. Estudio de Necesidades Sociales. Hogares),,,,,,,,,,,,,,,,,,,,,,,,,
218,Dificultad para llegar a fin de mes (% respuesta mucha dificultad + dificultad),,0.2,,,,,,,,,,,,,,,,,,,,,,,
219,Imposibilidad de hacer frente a un gasto imprevisto de 650€,,0.387,,,,,,,,,,,,,,,,,,,,,,,
220,Dificultad para hacer frente a los gastos derivados del suministro energético,,0.095,,,,,,,,,,,,,,,,,,,,,,,
221,Entrevistados que han acudido a Servicios Sociales Municipales para solicitar atención social,,0.1,,,,,,,,,,,,,,,,,,,,,,,
222,1.9. SERVICIOS SOCIALES,,,,,,,,,,,,,,,,,,,,,,,,,
223,1.9.1. Población en general (2019),,,,,,,,,,,,,,,,,,,,,,,,,
224,Personas atendidas en la Unidad de Primera Atención en Centros de Servicios Sociales,,94210,0.04106782719456533,3869.0,,,,,,,,,,,,,,,,,,,,,
225,Solicitudes tramitadas de Renta Mínima de Inserción,,5474,0.06978443551333577,382.0,,,,,,,,,,,,,,,,,,,,,
226,Perceptores de prestación de la Renta Mínima de Inserción,,17877,0.051798400179000954,926.0,,,,,,,,,,,,,,,,,,,,,
227,Beneficiarios de prestaciones sociales de carácter económico,,13316,0.06878942625413037,916.0,,,,,,,,,,,,,,,,,,,,,
228,Total prestaciones sociales de carácter económico (€),,7698371.55,0.06145187029846592,473079.33,,,,,,,,,,,,,,,,,,,,,
229,1.9.2. Personas Mayores (2019),,,,,,,,,,,,,,,,,,,,,,,,,
230,Personas con Servicio de Ayuda a Domicilio (modalidad auxiliar de hogar),,80375,0.029325038880248833,2357.0,,,,,,,,,,,,,,,,,,,,,
231,Hombres,,19939,0.02597923667184914,518.0,,,,,,,,,,,,,,,,,,,,,
232,Mujeres,,60436,0.03042888344695215,1839.0,,,,,,,,,,,,,,,,,,,,,
233,Personas socias de los Centros Municipales de Mayores,,343009,0.023906078266167943,8200.0,,,,,,,,,,,,,,,,,,,,,
234,Hombres,,128807,0.021745712577732577,2801.0,,,,,,,,,,,,,,,,,,,,,
235,Mujeres,,214202,0.02520518015704802,5399.0,,,,,,,,,,,,,,,,,,,,,
236,1.9.3. Menores y Familia (2019),,,,,,,,,,,,,,,,,,,,,,,,,
237,Familias atendidas por el Equipo de Trabajo con Menores y Familia (ETMF),,6467,0.04530694294108551,293.0,,,,,,,,,,,,,,,,,,,,,
238,Demandas de intervención en los Centros de Atención a la Infancia (CAI),,2285,0.035448577680525166,81.0,,,,,,,,,,,,,,,,,,,,,
239,Menores atendidos por el Servicio de Ayuda a domicilio a Menores y Familias (SAD),,1356,0.04056047197640118,55.0,,,,,,,,,,,,,,,,,,,,,
240,1.10. VIVIENDA,,,,,,,,,,,,,,,,,,,,,,,,,
241,1.10.1. Estado de las viviendas,,,,,,,,,,,,,,,,,,,,,,,,,
242,Nº Total de viviendas (Censo Edificios y Viviendas 2011),1,1530955,1.0,86795.0,,,,,,,,,,,,,,,,,,,,,
243,Viviendas anteriores a 1980,0.6935703531455856,1061825,0.8568465925456535,74370.0,,,,,,,,,,,,,,,,,,,,,
244,Estado ruinoso,0.0022502294319558707,3445,0.0038020623307794227,330.0,,,,,,,,,,,,,,,,,,,,,
245,Estado malo,0.008298741635123175,12705,0.019874416729074255,1725.0,,,,,,,,,,,,,,,,,,,,,
246,Estado deficiente,0.043616566130291225,66775,0.0909614609136471,7895.0,,,,,,,,,,,,,,,,,,,,,
247,Estado bueno,0.9276987239990725,1420265,0.8637594331470707,74970.0,,,,,,,,,,,,,,,,,,,,,
248,No consta,0.01813900473887214,27770,0.02160262687942854,1875.0,,,,,,,,,,,,,,,,,,,,,
249,Valor catastral medio de los bienes inmuebles: personas físicas (2019) en miles de €,,90.92037432809715,1.288252312736632,117.12838250305147,1.0576238427673386,123.87777,0.7358553764520274,86.18955,1.2507028345258973,146.4928,1.3511877874338176,158.26244,0.9088412024918615,106.45110000000001,1.4393688907605962,168.59095000000002,,,,,,,,,
250,Valor catastral medio de los bienes inmuebles: personas jurídicas (2019) en miles de €,,368.64485676220085,1.608908574604254,593.1158710284619,0.8264148608096826,490.15977000000004,0.4512317964716157,267.63274,1.7813123735299612,1056.5246399999999,1.046542505975554,620.72097,0.8375466317207381,496.7622,1.782801441759528,1057.40783,,,,,,,,,
251,Superficie media de la vivienda (m2) en transacción (2019),,83.4,0.8579136690647481,71.55,0.9280223619846263,66.4,0.7614255765199162,54.48,1.0345213137665967,74.02,1.4199860237596087,101.6,1.0662473794549268,76.29,1.322292103424179,94.61,,,,,,,,,
252,Duración media del crédito (meses) en transacción de vivienda (2019),,257,0.9377431906614786,241.0,0.9045643153526971,218.0,1.012448132780083,244.0,1.037344398340249,250.0,0.8879668049792531,214.0,1.0871369294605808,262.0,0.8547717842323651,206,,,,,,,,,
253,1.10.2. Tipología de las viviendas,,,,,,,,,,,,,,,,,,,,,,,,,
254,Nº Total de viviendas familiares (Censo Edificios y Viviendas 2011),1,1378931,1.0,91186.0,1.0,14983.0,1.0,28818.0,1.0,7802.0,1.0,11687.0,1.0,22321.0,1.0,5575,,,,,,,,,
255,Principal,0.7834373148475159,1080306,0.6187791985611827,56424.0,0.6594807448441568,9881.0,0.6589978485668679,18991.0,0.5726736734170725,4468.0,0.573885513818773,6707.0,0.5963890506697729,13312.0,0.5497757847533632,3065,,,,,,,,,
256,Secundaria,0.0770103797796989,106192,0.1222117430307284,11144.0,0.11633184275512247,1743.0,0.09917412728156014,2858.0,0.11484234811586773,896.0,0.18593308804654746,2173.0,0.11836387258635366,2642.0,0.14923766816143497,832,,,,,,,,,
257,Desocupada,0.12935890193200386,178377,0.23849055776105982,21747.0,0.20116131615831276,3014.0,0.22649038795197446,6527.0,0.29620610099974365,2311.0,0.22178488919312056,2592.0,0.25993459074414227,5802.0,0.26923766816143496,1501,,,,,,,,,
258,Otro tipo,0.010151341872798567,13998,0.020518500647029148,1871.0,0.023026096242408062,345.0,0.015337636199597474,442.0,0.016277877467316074,127.0,0.018396508941558996,215.0,0.025312485999731196,565.0,0.031748878923766814,177,,,,,,,,,
259,1.10.3. Lanzamientos judiciales (Consejo General del Poder Judicial),,,,,,,,,,,,,,,,,,,,,,,,,
260,Lanzamientos judiciales practicados (2013),1,5020,,,,,,,,,,,,,,,,,,,,,,,
261,Como consecuencia de ejecuciones hipotecarias,0.299003984063745,1501,,,,,,,,,,,,,,,,,,,,,,,
262,Como consecuencia de la Ley de Arrendamientos Urbanos,0.6249003984063745,3137,,,,,,,,,,,,,,,,,,,,,,,
263,Lanzamientos judiciales practicados (2019),1,2832,,,,,,,,,,,,,,,,,,,,,,,
264,Como consecuencia de ejecuciones hipotecarias,0.1271186440677966,360,,,,,,,,,,,,,,,,,,,,,,,
265,Como consecuencia de la Ley de Arrendamientos Urbanos,0.8418079096045198,2384,,,,,,,,,,,,,,,,,,,,,,,
266,1.11. MEDIO AMBIENTE Y RESIDUOS,,,,,,,,,,,,,,,,,,,,,,,,,
267,1.11.1. Contaminantes del aire (2018),,,,,,,,,,,,,,,,,,,,,,,,,
268,Partículas suspensión PM2.5 (µgr/m3) -Valor límite: 25 µgr/m3-,,10.3,,,,,,,,,,,,,,,,,,,,,,,
269,Partículas suspensión PM10 (µgr/m3) -Valor límite: 40 µgr/m3-,,18.46,,,,,,,,,,,,,,,,,,,,,,,
270,Dióxido de azufre - SO2 (µgr/m3) -Valor límite: 125 µgr/m3-,,6,,,,,,,,,,,,,,,,,,,,,,,
271,Monóxido de carbono - CO (mg/m3) -Valor límite: 10 µgr/m3-,,0.3,,,,,,,,,,,,,,,,,,,,,,,
272,Ozono - O3 (µgr/m3) -Valor límite: 120 µgr/m3-,,51,,,,,,,,,,,,,,,,,,,,,,,
273,Dióxido de nitrógeno - NO2 (µgr/m3) -Valor límite: 40 µgr/m3-,,37,,,,,,,,,,,,,,,,,,,,,,,
274,Temperatura media anual (ºC),,15.2,,,,,,,,,,,,,,,,,,,,,,,
275,Protocolo de contaminación: nº de episodios (2019),,3,,,,,,,,,,,,,,,,,,,,,,,
276,"Protocolo de contaminación: nº de días ""Escenario 1"" (2019)",,12,,,,,,,,,,,,,,,,,,,,,,,
277,1.11.2. Recogida domiciliaria de resíduos sólidos: envases y resto (2018),,,,,,,,,,,,,,,,,,,,,,,,,
278,kg/habitante/año,,372,,684.0,,,,,,,,,,,,,,,,,,,,,
279,kg/habitante/día,,1.019,,1.874,,,,,,,,,,,,,,,,,,,,,
280,1.12. SEGURIDAD,,,,,,,,,,,,,,,,,,,,,,,,,
281,Intervenciones de la Policía Municipal en materia de seguridad (2019),,,,,,,,,,,,,,,,,,,,,,,,,
282,Relacionadas con las personas,,5455,0.172868927589367,943.0,,,,,,,,,,,,,,,,,,,,,
283,Relacionadas con la tenencia de armas,,1362,0.525697503671072,716.0,,,,,,,,,,,,,,,,,,,,,
284,Relacionadas con el patrimonio,,6984,0.206042382588774,1439.0,,,,,,,,,,,,,,,,,,,,,
285,Relacionadas con la tenencia y consumo de drogas,,7668,0.264091482081757,2155.0,,,,,,,,,,,,,,,,,,,,,
286,Expedientes instruidos por Agentes Tutores,,557,0.254937163375224,142.0,,,,,,,,,,,,,,,,,,,,,
287,Atestados/partes de accidentes de tráfico confeccionados,,21791,0.0583268321784222,1271.0,,,,,,,,,,,,,,,,,,,,,
288,Detenidos e investigados de la Policía Municipal en materia de seguridad (2019),,,,,,,,,,,,,,,,,,,,,,,,,
289,Total detenidos e investigados,1,9265,0.19989206691851,1852.0,,,,,,,,,,,,,,,,,,,,,
290,Lesiones,0.0467350242849433,433,,,,,,,,,,,,,,,,,,,,,,,
291,Violencia doméstica y de género,0.0834322719913653,773,,,,,,,,,,,,,,,,,,,,,,,
292,Malos tratos a menores,0.011117107,103,,,,,,,,,,,,,,,,,,,,,,,
293,Abusos y agresiones sexuales,0.00528872,49,,,,,,,,,,,,,,,,,,,,,,,
294,Hurtos,0.128764166216945,1193,,,,,,,,,,,,,,,,,,,,,,,
295,Robo con violencia e intimidación en personas,0.02137075,198,,,,,,,,,,,,,,,,,,,,,,,
296,Contra la salud pública,0.038424177,356,,,,,,,,,,,,,,,,,,,,,,,
297,Contra la seguridad vial,0.353480841878035,3275,,,,,,,,,,,,,,,,,,,,,,,
298,1.13. RESULTADOS ELECCIONES LOCALES (2019),,,,,,,,,,,,,,,,,,,,,,,,,
299,Censo electoral,1,2397881,1.0,98873.0,1.0,17845.0,1.0,31496.0,1.0,7755.0,1.0,12838.0,1.0,23738.0,1.0,5201,,,,,,,,,
300,Abstención,0.318,761923,0.329,32505.0,0.301,5379.0,0.344,10829.0,0.318,2466.0,0.329,4225.0,0.324,7683.0,0.37,1923,,,,,,,,,
301,Votos en blanco,0.003,6945,0.003,273.0,0.003,50.0,0.003,94.0,0.003,27.0,0.003,37.0,0.002,56.0,0.002,9,,,,,,,,,
302,Votos a candidaturas,0.682,1635958,0.671,66368.0,0.699,12466.0,0.656,20667.0,0.682,5289.0,0.671,8613.0,0.676,16055.0,0.63,3278,,,,,,,,,
303,Más Madrid,0.211,505159,0.328,32421.0,0.336,5998.0,0.355,11166.0,0.311,2410.0,0.273,3502.0,0.334,7932.0,0.272,1413,,,,,,,,,
304,PP,0.165,395344,0.115,11379.0,0.129,2309.0,0.081,2548.0,0.138,1071.0,0.154,1979.0,0.117,2784.0,0.132,688,,,,,,,,,
305,Ciudadanos,0.13,312536,0.09,8851.0,0.091,1622.0,0.067,2120.0,0.1,779.0,0.118,1518.0,0.097,2296.0,0.099,516,,,,,,,,,
306,PSOE,0.093,224074,0.061,6069.0,0.064,1149.0,0.066,2073.0,0.058,449.0,0.053,686.0,0.06,1428.0,0.055,284,,,,,,,,,
307,VOX,0.052,124969,0.037,3625.0,0.041,724.0,0.03,949.0,0.039,300.0,0.046,594.0,0.035,822.0,0.045,236,,,,,,,,,
308,1.14. SERVICIOS Y EQUIPAMIENTOS MUNICIPALES,,,,,,,,,,,,,,,,,,,,,,,,,
309,1.14.1. Servicios Sociales Municipales (2020),,,,,,,,,,,,,,,,,,,,,,,,,
310,Centros de Servicios Sociales,,39,0.05128205128205128,2.0,,1.0,,0.0,,0.0,,0.0,,1.0,,0,,,,,,,,,
311,Centros Municipales de Mayores,,90,0.044444444444444446,4.0,,1.0,,1.0,,0.0,,1.0,,1.0,,0,,,,,,,,,
312,Centros de Día de Alzheimer y Físicos,,97,0.05154639175257732,5.0,,0.0,,3.0,,0.0,,1.0,,1.0,,0,,,,,,,,,
313,Apartamentos Municipales para Mayores,,2,0.5,1.0,,1.0,,0.0,,0.0,,0.0,,0.0,,0,,,,,,,,,
314,Residencias para personas Mayores,,3,0.0,0.0,,0.0,,0.0,,0.0,,0.0,,0.0,,0,,,,,,,,,
315,Centros de Apoyo a las Familias (CAF),,7,0.14285714285714285,1.0,,0.0,,0.0,,0.0,,1.0,,0.0,,0,,,,,,,,,
316,Centros de Atención a la Infancia (CAI),,13,0.07692307692307693,1.0,,1.0,,0.0,,0.0,,0.0,,0.0,,0,,,,,,,,,
317,Centro de Día de Atención a Niños y Niñas (de 3 a 12 años),,29,0.10344827586206896,3.0,,0.0,,2.0,,0.0,,0.0,,1.0,,0,,,,,,,,,
318,Espacios de Ocio para Adolescentes (El Enredadero),,6,0.16666666666666666,1.0,,1.0,,0.0,,0.0,,0.0,,0.0,,0,,,,,,,,,
319,Centros de Adolescentes y Jóvenes (ASPA),,8,0.0,0.0,,0.0,,0.0,,0.0,,0.0,,0.0,,0,,,,,,,,,
320,Centros para personas sin hogar,,12,0.08333333333333333,1.0,,0.0,,0.0,,0.0,,0.0,,1.0,,0,,,,,,,,,
321,1.14.2. Género (2020),,,,,,,,,,,,,,,,,,,,,,,,,
322,Espacios de Igualdad,,17,0.0,0.0,,0.0,,0.0,,0.0,,0.0,,0.0,,0,,,,,,,,,
323,1.14.3. Salud (2020),,,,,,,,,,,,,,,,,,,,,,,,,
324,Centros Municipales de Salud Comunitaria (CMSC),,16,0.0625,1.0,,0.0,,0.0,,0.0,,0.0,,0.0,,1,,,,,,,,,
325,Centros de Atención a las Adicciones (CAD y CCAD),,10,0.1,1.0,,0.0,,0.0,,0.0,,1.0,,0.0,,0,,,,,,,,,
326,1.14.4. Cultura (2020),,,,,,,,,,,,,,,,,,,,,,,,,
327,Nº de Bibliotecas Municipales,,34,0.11764705882352941,4.0,,1.0,,1.0,,0.0,,1.0,,1.0,,0,,,,,,,,,
328,Nº de Bibliotecas Comunidad Madrid,,16,0.0625,1.0,,0.0,,1.0,,0.0,,0.0,,0.0,,0,,,,,,,,,
329,Nº de Centros Culturales,,106,0.05660377358490566,6.0,,1.0,,2.0,,1.0,,0.0,,2.0,,0,,,,,,,,,
330,1.14.5. Deportes (2018),,,,,,,,,,,,,,,,,,,,,,,,,
331,Centros deportivos Municipales,,72,0.027777777777777776,2.0,0.0,0.0,0.0,0.0,0.0,0.0,1.0,2.0,0.0,0.0,0.0,0,,,,,,,,,
332,Superficie deportiva m2,,2074404,0.0,0.0,,,,,,,,,,,,,,,,,,,,,
333,Instalaciones deportivas básicas,,481,0.010482180293501049,5.0,,,,,,,,,,,,,,,,,,,,,
334,Acceso controlado,,98,0.010309278350515464,1.0,,,,,,,,,,,,,,,,,,,,,
335,Campos de fútbol 11,,22,0.0,0.0,,0.0,,0.0,,0.0,,0.0,,0.0,,0,,,,,,,,,
336,Pista de atletismo,,7,0.0,0.0,,0.0,,0.0,,0.0,,0.0,,0.0,,0,,,,,,,,,
337,Piscinas cubiertas,,49,0.02040816326530612,1.0,,0.0,,0.0,,0.0,,1.0,,0.0,,0,,,,,,,,,
338,Piscinas de verano,,23,0.0,0.0,,0.0,,0.0,,0.0,,0.0,,0.0,,0,,,,,,,,,
339,1.14.6. Zonas verdes (2019),,,,,,,,,,,,,,,,,,,,,,,,,
340,Superficie de zonas verdes y Parques de distrito (Ha),,3322.8767614864005,0.0102320977997363,33.9916013614,,,,,,,,,,,,,,,,,,,,,
341,Superficie de zonas verdes y Parques de distrito (Ha) / nº de Habitantes *10.000,,10.1737555791981,0.248,2.5201178343428654,,,,,,,,,,,,,,,,,,,,,
342,"Superficie Parques Históricos, Singulares y Forestales por distrito",,2500.9909466876,0.005,13.0162671153,,,,,,,,,,,,,,,,,,,,,
343,"Superficie Parques Históricos, Singulares y Forestales distrito / nº Habitantes *10.000",,7.6573621063229,0.126,0.9650185804746406,,,,,,,,,,,,,,,,,,,,,
344,1.14.7. Educación (Curso académico 2019-2020),,,,,,,,,,,,,,,,,,,,,,,,,
345,Escuelas Infantiles Municipales (2019),,56,0.08928571428571429,5.0,,1.0,,1.0,,0.0,,2.0,,1.0,,0,,,,,,,,,
346,Escuelas Infantiles Públicas CAM,,150,0.04,6.0,,,,,,,,,,,,,,,,,,,,,
347,Escuelas Infantiles Privadas,,419,0.007159904534606206,3.0,,,,,,,,,,,,,,,,,,,,,
348,Colegios Públicos Infantil y Primaria (+ 3 centros con Secundaria),,247,0.03643724696356275,9.0,,,,,,,,,,,,,,,,,,,,,
349,Institutos Públicos de Educación Secundaria,,112,0.05357142857142857,6.0,,,,,,,,,,,,,,,,,,,,,
350,Colegios Privados Inf. o Pri. o Inf. y Pri.,,88,0.056818181818181816,5.0,,,,,,,,,,,,,,,,,,,,,
351,"Colegios Privados Inf., Pri. y Sec. o Pri. y Sec.",,274,0.025547445255474453,7.0,,,,,,,,,,,,,,,,,,,,,
352,1.14.8. Empresa y Comercio (2020),,,,,,,,,,,,,,,,,,,,,,,,,
353,Mercados Municipales,,45,0.13333333333333333,6.0,,1.0,,2.0,,0.0,,2.0,,1.0,,0,,,,,,,,,
354,1.15. PARTICIPACIÓN CIUDADANA,,,,,,,,,,,,,,,,,,,,,,,,,
355,1.15.1. Entidades de participación ciudadana (2019),,,,,,,,,,,,,,,,,,,,,,,,,
356,Asociaciones (Sección 1ª),,2412,0.11442786069651742,276.0,0.19202898550724637,53.0,0.2971014492753623,82.0,0.09057971014492754,25.0,0.11956521739130435,33.0,0.12681159420289856,35.0,0.17391304347826086,48,,,,,,,,,
357,Nº de asociaciones culturales y casas regionales,,489,0.20245398773006135,99.0,0.23232323232323232,23.0,0.25252525252525254,25.0,0.06060606060606061,6.0,0.1111111111111111,11.0,0.1111111111111111,11.0,0.23232323232323232,23,,,,,,,,,
358,Nº de asociaciones de mujeres,,75,0.16,12.0,0.16666666666666666,2.0,0.25,3.0,0.08333333333333333,1.0,0.3333333333333333,4.0,0.08333333333333333,1.0,0.08333333333333333,1,,,,,,,,,
359,Nº de asociaciones de vecinos,,221,0.07692307692307693,17.0,0.17647058823529413,3.0,0.5882352941176471,10.0,0.0,0.0,0.058823529411764705,1.0,0.11764705882352941,2.0,0.058823529411764705,1,,,,,,,,,
360,Fundaciones (Sección 2ª),,24,0.041666666666666664,1.0,0.0,0.0,0.0,0.0,0.0,0.0,1.0,1.0,0.0,0.0,0.0,0,,,,,,,,,
361,,,,,,,,,,,,,,,,,,,,,,,,,,
362,,,,,,,,,,,,,,,,,,,,,,,,,,
363,1.16. PRESUPUESTO 2020,"En base al Acuerdo de 23 de diciembre de 2019 del Pleno del Ayuntamiento de Madrid. Publicación: BOAM Nùm. 8.551, 30 de diciembre de 2019.",,,,,,,,,,,,,,,,,,,,,,,,
364,PROGRAMA,,CAPÍTULOS,,,,,,,,,,,,,,,,,,,,,,,
365,,,1,,2.0,,3.0,,4.0,,5.0,,6.0,,7.0,,TOTAL,,,,,,,,,
366,OTRAS ACTUACIONES EN VÍAS PÚBLICAS,153.22,,,30000.0,,,,,,,,,,,,30000,,,,,,,,,
367,ZONAS VERDES,171.02,,,,,,,,,,,150000.0,,,,150000,,,,,,,,,
368,FAMILIA E INFANCIA,231.02,,,317450.0,,,,188411.0,,,,,,,,505861,,,,,,,,,
369,PERSONAS MAYORES Y SERVICIOS SOCIALES,231.03,,,7243554.0,,,,131351.0,,,,15000.0,,14329.0,,7404234,,,,,,,,,
370,INTEGRACIÓN COMUNITARIA Y EMERGENCIA SOCIAL,231.06,2814360,,1972159.0,,,,182471.0,,,,,,11000.0,,4979990,,,,,,,,,
371,SALUBRIDAD PÚBLICA,311.01,1166788,,3558.0,,,,,,,,,,,,1170346,,,,,,,,,
372,CENTROS DOCENTES ENSEÑANZA INFANTIL Y PRIMARIA,323.01,,,2569422.0,,,,,,,,605000.0,,,,3174422,,,,,,,,,
373,ABSENTISMO,325.01,,,42257.0,,,,,,,,,,,,42257,,,,,,,,,
374,SERVICIOS COMPLEMENTARIOS EDUCACIÓN,326.01,,,283004.0,,,,,,,,,,,,283004,,,,,,,,,
375,ACTIVIDADES CULTURALES,334.01,324601,,697762.0,,,,50000.0,,,,10000.0,,,,1082363,,,,,,,,,
376,ACTUACIONES DEPORTIVAS EN DISTRITOS,341.01,,,61500.0,,,,,,,,,,,,61500,,,,,,,,,
377,INSTALACIONES DEPORTIVAS,342.01,132748,,22256.0,,,,150257.0,,,,48000.0,,,,353261,,,,,,,,,
378,CONSUMO,493.00,282630,,,,,,,,,,,,,,282630,,,,,,,,,
379,CONCEJALÍA-PRESIDENCIA DEL DISTRITO,912.2,441746,,,,,,,,,,,,,,441746,,,,,,,,,
380,DIREC. Y GESTIÓN ADMTVA. DEL DISTRITO,920.01,5845304,,902329.0,,,,,,,,,,,,6747633,,,,,,,,,
381,PARTICIPACIÓN CIUDADANA Y VOLUNTARIADO,924.01,,,2000.0,,,,127960.0,,,,,,5000.0,,134960,,,,,,,,,
382,CRÉDITOS GLOBALES,929.01,,,,,,,,,900000.0,,,,,,900000,,,,,,,,,
383,EDIFICIOS,933.02,,,2172615.0,,,,,,,,105000.0,,,,2277615,,,,,,,,,
384,CENTRO 001,,11008177,,16319866.0,,0.0,,830450.0,,900000.0,,933000.0,,30329.0,,30021822,,,,,,,,,
385,SECCIÓN 201,,11008177,,16319866.0,,0.0,,830450.0,,900000.0,,933000.0,,30329.0,,30021822,,,,,,,,,
